bellatri,C2_SimpleBashUtils,2022-04-15
papuas,C2_SimpleBashUtils,2022-05-03
gerasim,C2_SimpleBashUtils,2022-05-12
mumu,C2_SimpleBashUtils,2022-04-30
conor,C2_SimpleBashUtils,2022-04-15
bellatri,C3_s21_string+,2022-05-03
mullsher,C2_SimpleBashUtils,2022-04-15
mullsher,C3_s21_string+,2022-04-25
mullsher,C4_s21_math,2022-05-12
mullsher,C5_s21_decimal,2022-05-28
mullsher,C6_s21_matrix,2022-06-07
mullsher,C7_SmartCalc_v1.0,2022-06-21
mullsher,C8_3DViewer_v1.0,2022-07-05
mullsher,DO1_Linux,2022-07-15
mullsher,DO2_Linux_Network,2022-07-25
bellatri,C4_s21_math,2022-05-27